id,phase,deliverable,what_redux_gets,accepted_when
D1,Phase 1 — Capture & convert,Website — reduxbath.com,"Mobile-responsive website: hero with ""Book free assessment"", problems we solve, services (function, finish, water efficiency), Why REDUX, before/after gallery with hotel references, assessment & pilot process; Home, Hotel and Dealer enquiry forms; WhatsApp chat button",Site is live and every form submission reaches the CRM with its source
D2,Phase 1 — Capture & convert,Lead CRM,"One inbox for all leads; source tagging (channel, campaign, ad set, WhatsApp template); duplicate check by phone number; auto-assignment to care executives by city or in turn; instant WhatsApp reply; call-back timer; pipeline board from New to Won, with lost reasons","A test lead is tagged, de-duplicated, assigned and auto-replied without manual work"
D3,Phase 1 — Capture & convert,Lead source integrations,"Live connections for website forms, dealer enquiries, Meta lead ads, Google Ads lead forms, WhatsApp chats and WhatsApp campaigns; manual entry for calls and walk-ins",A sample lead from each of the 7 sources lands in the CRM
D4,Phase 1 — Capture & convert,Care Executive Portal,"Lead list with source filters; click-to-call with call log; call outcomes with reasons; free-survey booking (date, slot, nearest surveyor); follow-up reminders; WhatsApp inbox with templates; own performance stats","A care executive can call, log the outcome and book a survey from one screen"
D5,Phase 1 — Capture & convert,Phase 1 notifications,"Customer WhatsApp: enquiry received, survey booked. Team alerts: new lead, follow-up due or missed",Each message fires on its trigger; WhatsApp templates approved by Meta
D6,Phase 1 — Capture & convert,Admin setup,"Logins for admin and care executives; roles, cities and lead-assignment rules",REDUX team logs in and sees only what its role allows
D7,Phase 2 — Survey & quote,Surveyor mobile app,"Daily visit list; navigation; GPS check-in with timestamp; room-by-room fitting record (type, brand, model, finish); 4 mandatory photos per fitting (front, side, top, close-up); condition checklist (leak, stiff control, scaling, worn finish, part unavailable); works offline and syncs later",A full audit done without network syncs completely once back online
D8,Phase 2 — Survey & quote,Restore / repair / replace assessment,Recommended treatment per fitting; side-by-side price of restore or repair vs Eurobrass replacement vs market replacement,Every audited fitting shows all three options with prices
D9,Phase 2 — Survey & quote,Rate card setup,"REDUX prices per fitting type, work type and finish, plus market replacement prices, loaded into the platform",Quotes price correctly from the loaded rates
D10,Phase 2 — Survey & quote,Quotation & OTP approval,"Quote built from the audit; before/after visuals; total incl. GST; market price and ""You save"" amount; 15-day validity and warranty terms; branded PDF; share on WhatsApp; customer approval by OTP; admin approval for discounts; customer account and job created automatically on approval",An OTP-approved quote creates the customer account and job with no manual step
D11,Phase 2 — Survey & quote,Job tracking,"7 tracked stages (dates confirmed, removal & pickup, at Eurobrass, quality check, refit & test, handover, warranty active); room batches; live room status board; delay alerts; handover with after photos and customer sign-off; warranty cards generated",A multi-room hotel job is tracked room by room through to handover
D12,Phase 2 — Survey & quote,Phase 2 notifications,"Customer: surveyor on the way, quote shared, job updates, handover with invoice and warranty card. Team: survey booked, quote approved, job running late",Each message fires on its trigger
D13,Phase 3 — Retain & control,Customer Portal — my.reduxbath.com,"OTP login; live job progress; restored fittings with before/after photos; quotes and invoices; online payment; warranty cards (mechanical and finish, with validity dates); service requests routed to the care team","A customer logs in, pays a due invoice online and sees active warranties"
D14,Phase 3 — Retain & control,Super Admin dashboard,"Leads this month, free surveys done, survey-to-order conversion, quoted value, jobs at factory; leads by source; care executive and surveyor performance; stock alerts",Dashboard figures match the underlying records
D15,Phase 3 — Retain & control,Stock & parts management,"Cartridges, spares, finishes and replacement stock; minimum levels; low-stock alerts",Alert fires when an item falls below its minimum
D16,Phase 3 — Retain & control,Admin controls,"Rate card editor; users, roles, cities and permissions; master lists for fitting types, brands and finishes; discount approvals",Admin changes prices and users without developer help
D17,Phase 3 — Retain & control,Reports & exports,"Daily, weekly and monthly reports on leads, care team, surveys, quotes, jobs and stock; exportable",Each report runs for any period and exports
D18,Phase 3 — Retain & control,Phase 3 notifications,"Customer: feedback and review request 30 days after handover. Team: service request raised, stock below minimum",Each message fires on its trigger
D19,Project services,Detailed blueprint & delivery timeline,"Final scope, screen list, workflows and phase-wise timeline, for REDUX sign-off before build",Signed off by REDUX
D20,Project services,UI designs,"Screen designs for the website, portals and surveyor app, approved by REDUX before development",Approved by REDUX
D21,Project services,Testing & UAT,Internal QA of every deliverable; user acceptance testing with the REDUX team at the end of each phase,UAT signed off per phase
D22,Project services,Deployment & go-live,Production setup and launch of each phase,Phase live in production
D23,Project services,Training & user guides,"Role-wise training for admin, care executives and surveyors; short user guide per role",Training delivered; guides handed over
