week,mon,fri,phase,theme,detail
W0,05 Oct,09 Oct 2026,Phase 0,Mobilisation,"Accounts, access, App Review, DLT, KYC, repo + Supabase bootstrap"
W1,12 Oct,16 Oct 2026,Phase 1,Design sprint 1 + foundation,"DS1 designs; schema core, auth, RLS, CI/CD, seed"
W2,19 Oct,23 Oct 2026,Phase 1,Design sprint 1 + foundation,"DS1 sign-off; app shell, roles, admin users (D6)"
W3,26 Oct,30 Oct 2026,Phase 1,Website build,"Pages, forms, consent, policy pages (D1)"
W4,02 Nov,06 Nov 2026,Phase 1,Website + CRM core,"Website done; lead model, list, detail, pipeline (D1, D2)"
W5,09 Nov,13 Nov 2026,Phase 1,CRM + integrations,"Webhooks, source tagging, dedup, assignment (D2, D3) — Diwali week, reduced capacity"
W6,16 Nov,20 Nov 2026,Phase 1,Integrations + notifications,"All 7 sources live; WhatsApp templates, CAPI (D3, D5)"
W7,23 Nov,27 Nov 2026,Phase 1,Care Executive Portal,"Click-to-call, outcomes, survey booking, inbox (D4)"
W8,30 Nov,04 Dec 2026,Phase 1,QA + fixes,"Internal QA, RLS tests, performance, security checklist (D21)"
W9,07 Dec,11 Dec 2026,Phase 1,UAT + GO-LIVE,"REDUX UAT, training, deploy — LIVE Thu 10 Dec (D22, D23)"
W10,14 Dec,18 Dec 2026,Phase 2,Design sprint 2 + app foundation,"DS2 designs; Expo project, SQLite outbox, auth"
W11,21 Dec,25 Dec 2026,Phase 2,Surveyor app core,"Visits, check-in, units, fittings (D7) — year-end, reduced capacity"
W12,28 Dec,01 Jan 2027,Phase 2,Photo pipeline,"4-slot capture, compression, upload, sync UI (D7) — year-end, reduced capacity"
W13,04 Jan,08 Jan 2027,Phase 2,Offline hardening,"Outbox drain, retries, needs-attention, field test (D7)"
W14,11 Jan,15 Jan 2027,Phase 2,Rate card + assessment,"Rate card versions, CSV import, 3-price assessment (D8, D9)"
W15,18 Jan,22 Jan 2027,Phase 2,Quotation build,"Builder, PDF via Gotenberg, WhatsApp share (D10)"
W16,25 Jan,29 Jan 2027,Phase 2,OTP approval + job creation,"OTP, audit trail, auto customer+job, discounts (D10)"
W17,01 Feb,05 Feb 2027,Phase 2,Job tracking,"7 stages, batches, room board, blocked clock, handover, warranty (D11, D12)"
W18,08 Feb,12 Feb 2027,Phase 2,QA + field trial,Real hotel pilot audit end to end; fixes (D21)
W19,15 Feb,19 Feb 2027,Phase 2,UAT + GO-LIVE,"REDUX UAT, surveyor training, Play release — LIVE Thu 18 Feb (D22, D23)"
W20,22 Feb,26 Feb 2027,Phase 3,Design sprint 3 + portal,"DS3 designs; customer portal, OTP login, job view (D13)"
W21,01 Mar,05 Mar 2027,Phase 3,Portal + payments,"Invoices, Razorpay links, virtual accounts, warranty, service requests (D13)"
W22,08 Mar,12 Mar 2027,Phase 3,Super Admin + stock,"Dashboard, KPIs, team performance, stock and alerts (D14, D15)"
W23,15 Mar,19 Mar 2027,Phase 3,Admin controls + reports,"Masters, users, notification rules, reports, exports, DPDP tools (D16, D17, D18)"
W24,22 Mar,26 Mar 2027,Phase 3,QA + UAT + GO-LIVE,"QA, UAT, deploy — LIVE Thu 25 Mar (D21, D22)"
W25,29 Mar,02 Apr 2027,Handover,Training + hypercare,"Role-wise training, user guides, monitoring (D23)"
W26,05 Apr,09 Apr 2027,Handover,Hypercare + handover,"Account transfers, as-built docs — HANDOVER Thu 9 Apr (D23)"
